MeasureID,Behavior,Dimensions,Item,Xnum,Text,StandardConstruct,ProcessedText
3,Transformational,Articulates Vision,Item1,6.0,Has a clear understanding of where we are going,Transformational,Has a clear understanding of where we are going
3,Transformational,Articulates Vision,Item2,7.0,Paints an interesting picture of the future for our group.,Transformational,Paints an interesting picture of the future for our group.
3,Transformational,Articulates Vision,Item3,8.0,Is always seeking new opportunities for the organization.,Transformational,Is always seeking new opportunities for the organization.
3,Transformational,Articulates Vision,Item4,9.0,Inspires others with his/her plans for the future.,Transformational,Inspires others with his/her plans for the future.
3,Transformational,Articulates Vision,Item5,10.0,Is able to get others committed to his/her dream.,Transformational,Is able to get others committed to his/her dream.
3,Transformational,Provide appropriate model,Item1,11.0,"Leads by ""doing,"" rather than simply by ""telling.",Transformational,"Leads by ""doing,"" rather than simply by ""telling."
3,Transformational,Provide appropriate model,Item2,12.0,Provides a good model for me to follow.,Transformational,Provides a good model for me to follow.
3,Transformational,Provide appropriate model,Item3,13.0,Leads by example.,Transformational,Leads by example.
3,Transformational,Fostering acceptance of group goals,Item1,14.0,Fosters collaboration among work groups.,Transformational,Fosters collaboration among work groups.
3,Transformational,Fostering acceptance of group goals,Item2,15.0,"Encourages employees to be ""team players.",Transformational,"Encourages employees to be ""team players."
3,Transformational,Fostering acceptance of group goals,Item3,16.0,Gets the group to work together for the same goal.,Transformational,Gets the group to work together for the same goal.
3,Transformational,Fostering acceptance of group goals,Item4,17.0,Develops a team attitude and spirit among employees.,Transformational,Develops a team attitude and spirit among employees.
3,Transformational,High Performance Expectations,Item1,18.0,Shows us that he/she expects a lot from us.,Transformational,Shows us that he/she expects a lot from us.
3,Transformational,High Performance Expectations,Item2,19.0,Insists on only the best performance.,Transformational,Insists on only the best performance.
3,Transformational,High Performance Expectations,Item3,20.0,Will not settle for second best.,Transformational,Will not settle for second best.
3,Transformational,Individual Support,Item1,21.0,Acts without considering my feelings.,Transformational,Acts without considering my feelings.
3,Transformational,Individual Support,Item2,22.0,Shows respect for my personal feelings.,Transformational,Shows respect for my personal feelings.
3,Transformational,Individual Support,Item3,23.0,Behaves in a manner thoughtful of my personal needs,Transformational,Behaves in a manner thoughtful of my personal needs
3,Transformational,Individual Support,Item4,24.0,Treats me without considering my personal feelings.,Transformational,Treats me without considering my personal feelings.
3,Transformational,Intellectual Stimulation,Item1,25.0,Challenges me to think about old problems in new ways.,Transformational,Challenges me to think about old problems in new ways.
3,Transformational,Intellectual Stimulation,Item2,26.0,Asks questions that prompt me to think.,Transformational,Asks questions that prompt me to think.
3,Transformational,Intellectual Stimulation,Item3,27.0,Has stimulated me to rethink the way I do things.,Transformational,Has stimulated me to rethink the way I do things.
3,Transformational,Intellectual Stimulation,Item4,28.0,Has ideas that have challenged me to reexamine some of basic assumptions about my work.,Transformational,Has ideas that have challenged me to reexamine some of basic assumptions about my work.
4,Transformational,Charisma/Inspirational,Item1,29.0,Proud of him/her,Transformational,Proud of him/her
4,Transformational,Charisma/Inspirational,Item2,30.0,Goes beyond self-interest,Transformational,Goes beyond self-interest
4,Transformational,Charisma/Inspirational,Item3,31.0,Has my respect,Transformational,Has my respect
4,Transformational,Charisma/Inspirational,Item4,32.0,Display power and confidence,Transformational,Display power and confidence
4,Transformational,Charisma/Inspirational,Item5,33.0,Talks of values,Transformational,Talks of values
4,Transformational,Charisma/Inspirational,Item6,34.0,Models ethical standards,Transformational,Models ethical standards
4,Transformational,Charisma/Inspirational,Item7,35.0,Considers the moral/ethical,Transformational,Considers the moral/ethical
4,Transformational,Charisma/Inspirational,Item8,36.0,"Emphasizes the

collective mission",Transformational,"Emphasizes the

collective mission"
4,Transformational,Charisma/Inspirational,Item9,37.0,Talks optimistically,Transformational,Talks optimistically
4,Transformational,Charisma/Inspirational,Item10,38.0,Expresses confidence,Transformational,Expresses confidence
4,Transformational,Charisma/Inspirational,Item11,39.0,Talks enthusiastically,Transformational,Talks enthusiastically
4,Transformational,Intellectual Stimulation,Item1,40.0,"Arouses awareness

about important issues",Transformational,"Arouses awareness

about important issues"
4,Transformational,Intellectual Stimulation,Item2,41.0,Re-examines assumptions,Transformational,Re-examines assumptions
4,Transformational,Intellectual Stimulation,Item3,42.0,Seeks different views,Transformational,Seeks different views
4,Transformational,Intellectual Stimulation,Item4,43.0,Suggests new ways,Transformational,Suggests new ways
4,Transformational,Intellectual Stimulation,Item5,44.0,Suggests different angles,Transformational,Suggests different angles
4,Transformational,Individualized Consideration,Item1,45.0,Individualizes attention,Transformational,Individualizes attention
4,Transformational,Individualized Consideration,Item2,46.0,Focuses your strengths,Transformational,Focuses your strengths
4,Transformational,Individualized Consideration,Item3,47.0,Teaches and coaches,Transformational,Teaches and coaches
4,Transformational,Individualized Consideration,Item4,48.0,Differentiates among us,Transformational,Differentiates among us
6,Servant,Emotional Healing,Item1,76.0,I would seek help from my manager if I had a personal problem.,Servant,I would seek help from my manager if I had a personal problem.
6,Servant,Emotional Healing,Item2,77.0,My manager cares about my personal well-being.,Servant,Cares about my personal well-being.
6,Servant,Emotional Healing,Item3,78.0,My manager takes time to talk to me on a personal level.,Servant,Takes time to talk to me on a personal level.
6,Servant,Emotional Healing,Item4,79.0,My manager can recognize when I'm down without asking me.,Servant,Can recognize when I'm down without asking me.
6,Servant,Creating Value for the Community,Item1,80.0,My manager emphasizes the importance of giving back to the community.,Servant,Emphasizes the importance of giving back to the community.
6,Servant,Creating Value for the Community,Item2,81.0,My manager is always interested in helping people in our community.,Servant,Is always interested in helping people in our community.
6,Servant,Creating Value for the Community,Item3,82.0,My manager is involved in community activities.,Servant,Is involved in community activities.
6,Servant,Creating Value for the Community,Item4,83.0,I am encouraged by my manager to volunteer in the community.,Servant,I am encouraged by my manager to volunteer in the community.
6,Servant,Conceptual Skills,Item1,84.0,My manager can tell if something is going wrong.,Servant,Can tell if something is going wrong.
6,Servant,Conceptual Skills,Item2,85.0,My manager is able to effectively think through complex problems.,Servant,Is able to effectively think through complex problems.
6,Servant,Conceptual Skills,Item3,86.0,My manager has a thorough understanding of our organization and its goals.,Servant,Has a thorough understanding of our organization and its goals.
6,Servant,Conceptual Skills,Item4,87.0,My manager can solve work problems with new or creative ideas.,Servant,Can solve work problems with new or creative ideas.
6,Servant,Empowering,Item1,88.0,My manager gives me the responsibility to make important decisions about my job.,Servant,Gives me the responsibility to make important decisions about my job.
6,Servant,Empowering,Item2,89.0,My manager encourages me to handle important work decisions on my own.,Servant,Encourages me to handle important work decisions on my own.
6,Servant,Empowering,Item3,90.0,"My manager gives me the freedom to

handle difficult situations in the way that I

feel is best.",Servant,"Gives me the freedom to

handle difficult situations in the way that I

feel is best."
6,Servant,Empowering,Item4,91.0,"When I have to make an important

decision at work, I do not have to consult

my manager first.",Servant,"When I have to make an important

decision at work, I do not have to consult

my manager first."
6,Servant,Helping subordinates grow and succeed,Item1,92.0,"My manager makes my career

development a priority.",Servant,"Makes my career

development a priority."
6,Servant,Helping subordinates grow and succeed,Item2,93.0,"My manager is interested in making sure

that I achieve my career goals.",Servant,"Is interested in making sure

that I achieve my career goals."
6,Servant,Helping subordinates grow and succeed,Item3,94.0,"My manager provides me with work

experiences that enable me to develop

new skills.",Servant,"Provides me with work

experiences that enable me to develop

new skills."
6,Servant,Helping subordinates grow and succeed,Item4,95.0,"My manager wants to know about my

career goals.",Servant,"Wants to know about my

career goals."
6,Servant,Putting subordinates first,Item1,96.0,"My manager seems to care more about

my success than his/her own.",Servant,"Seems to care more about

my success than his/her own."
6,Servant,Putting subordinates first,Item2,97.0,"My manager puts my best interests ahead

of his/her own.",Servant,"Puts my best interests ahead

of his/her own."
6,Servant,Putting subordinates first,Item3,98.0,"My manager sacrifices his/her own

interests to meet my needs.",Servant,"Sacrifices his/her own

interests to meet my needs."
6,Servant,Putting subordinates first,Item4,99.0,"My manager does what she/he can do to

make my job easier.",Servant,"Does what she/he can do to

make my job easier."
6,Servant,Behaving ethically,Item1,100.0,My manager holds high ethical standards.,Servant,Holds high ethical standards.
6,Servant,Behaving ethically,Item2,101.0,My manager is always honest.,Servant,Is always honest.
6,Servant,Behaving ethically,Item3,102.0,My manager would not compromise ethical principles in order to achieve success.,Servant,Would not compromise ethical principles in order to achieve success.
6,Servant,Behaving ethically,Item4,103.0,My manager values honesty more than profits.,Servant,Values honesty more than profits.
20,Ethical,People orientation,Item1,104.0,Is interested in how I feel and how I am doing,Ethical,Is interested in how I feel and how I am doing
20,Ethical,People orientation,Item2,105.0,Takes time for personal contact,Ethical,Takes time for personal contact
20,Ethical,People orientation,Item3,106.0,Pays attention to my personal needs.,Ethical,Pays attention to my personal needs.
20,Ethical,People orientation,Item4,107.0,Takes time to talk about work-related emotions,Ethical,Takes time to talk about work-related emotions
20,Ethical,People orientation,Item5,108.0,Is genuinely concerned about my personal development,Ethical,Is genuinely concerned about my personal development
20,Ethical,People orientation,Item6,109.0,Sympathizes with me when I have problems,Ethical,Sympathizes with me when I have problems
20,Ethical,People orientation,Item7,110.0,Cares about his/her followers.,Ethical,Cares about his/her followers.
20,Ethical,Fairness,Item1,111.0,Holds me accountable for problems over which I have no control.,Ethical,Holds me accountable for problems over which I have no control.
20,Ethical,Fairness,Item2,112.0,Holds me responsible for work that I gave no control over.,Ethical,Holds me responsible for work that I gave no control over.
20,Ethical,Fairness,Item3,113.0,Holds me responsible for things that are not my fault,Ethical,Holds me responsible for things that are not my fault
20,Ethical,Fairness,Item4,114.0,Pursues his/her own success at the expense of others,Ethical,Pursues his/her own success at the expense of others
20,Ethical,Fairness,Item5,115.0,Is focused mainly on reaching his/her own goals,Ethical,Is focused mainly on reaching his/her own goals
20,Ethical,Fairness,Item6,116.0,Manipulates subordinates,Ethical,Manipulates subordinates
20,Ethical,Power sharing,Item1,117.0,Allows subordinates to influence critical decisions,Ethical,Allows subordinates to influence critical decisions
20,Ethical,Power sharing,Item2,118.0,Does not allow others to participate in decision making,Ethical,Does not allow others to participate in decision making
20,Ethical,Power sharing,Item3,119.0,Seeks advice from subordinates concerning organizational strategy,Ethical,Seeks advice from subordinates concerning organizational strategy
20,Ethical,Power sharing,Item4,120.0,Will reconsider decisions on the basis of recommendations by those who report to him/her,Ethical,Will reconsider decisions on the basis of recommendations by those who report to him/her
20,Ethical,Power sharing,Item5,121.0,Delegates challenging responsibilities to subordinates,Ethical,Delegates challenging responsibilities to subordinates
20,Ethical,Power sharing,Item6,122.0,Permits me to play a key role in setting my own performance goals,Ethical,Permits me to play a key role in setting my own performance goals
20,Ethical,Concern for sustainability,Item1,123.0,Would like to work in an environmentally friendly manner,Ethical,Would like to work in an environmentally friendly manner
20,Ethical,Concern for sustainability,Item2,124.0,Shows concern for sustainability issues,Ethical,Shows concern for sustainability issues
20,Ethical,Concern for sustainability,Item3,125.0,Stimulates recycling of items and materials in our department,Ethical,Stimulates recycling of items and materials in our department
20,Ethical,Ethical guidance,Item1,126.0,Clearly explains integrity related codes of conduct,Ethical,Clearly explains integrity related codes of conduct
20,Ethical,Ethical guidance,Item2,127.0,Explains what is expected from employees in terms of behaving with integrity.,Ethical,Explains what is expected from employees in terms of behaving with integrity.
20,Ethical,Ethical guidance,Item3,128.0,Clarifies integrity guidelines.,Ethical,Clarifies integrity guidelines.
20,Ethical,Ethical guidance,Item4,129.0,Ensures that employees follow codes of integrity,Ethical,Ensures that employees follow codes of integrity
20,Ethical,Ethical guidance,Item5,130.0,Clarifies the likely consequences of possible unethical behavior by myself and my colleagues,Ethical,Clarifies the likely consequences of possible unethical behavior by myself and my colleagues
20,Ethical,Ethical guidance,Item6,131.0,Stimulates the discussion of integrity issues among employees,Ethical,Stimulates the discussion of integrity issues among employees
20,Ethical,Ethical guidance,Item7,132.0,Compliments employees who behave according to the integrity guidelines,Ethical,Compliments employees who behave according to the integrity guidelines
20,Ethical,Role clarification,Item1,133.0,Indicates what the performance expectations of each group member are,Ethical,Indicates what the performance expectations of each group member are
20,Ethical,Role clarification,Item2,134.0,Explains what is expected of each group member,Ethical,Explains what is expected of each group member
20,Ethical,Role clarification,Item3,135.0,Explains what is expected of me and my colleagues,Ethical,Explains what is expected of me and my colleagues
20,Ethical,Role clarification,Item4,136.0,Clarifies priorities,Ethical,Clarifies priorities
20,Ethical,Role clarification,Item5,137.0,Clarifies who is responsible for what,Ethical,Clarifies who is responsible for what
20,Ethical,Integrity,Item1,138.0,Keeps his/her promises,Ethical,Keeps his/her promises
20,Ethical,Integrity,Item2,139.0,Can be trusted to do the things he/she says,Ethical,Can be trusted to do the things he/she says
20,Ethical,Integrity,Item3,140.0,Can be relied on to honor his/her commitments,Ethical,Can be relied on to honor his/her commitments
20,Ethical,Integrity,Item4,141.0,Always keeps his/her words,Ethical,Always keeps his/her words
22,Ethical,Morality and fairness,Item1,142.0,Makes sure that his/her actions are always ethical,Ethical,Makes sure that his/her actions are always ethical
22,Ethical,Morality and fairness,Item2,143.0,"Means what he/she says, is earnest",Ethical,"Means what he/she says, is earnest"
22,Ethical,Morality and fairness,Item3,144.0,"Deserves trust, can be believed and relied upon to keep his/her word",Ethical,"Deserves trust, can be believed and relied upon to keep his/her word"
22,Ethical,Morality and fairness,Item4,145.0,Can be trusted to serve the interests of his/her subordinates rather than him/herself,Ethical,Can be trusted to serve the interests of his/her subordinates rather than him/herself
22,Ethical,Morality and fairness,Item5,146.0,Does not criticize subordinates without good reason,Ethical,Does not criticize subordinates without good reason
22,Ethical,Morality and fairness,Item6,147.0,Pursues own best interest at the expense of others,Ethical,Pursues own best interest at the expense of others
22,Ethical,Role clarification,Item1,148.0,Explains who is responsible for what,Ethical,Explains who is responsible for what
22,Ethical,Role clarification,Item2,149.0,Explains what is expected of each member of the group,Ethical,Explains what is expected of each member of the group
22,Ethical,Role clarification,Item3,150.0,Explains each individual group members' scope of authority,Ethical,Explains each individual group members' scope of authority
22,Ethical,Role clarification,Item4,151.0,Communicates his/her performance expectations for group members,Ethical,Communicates his/her performance expectations for group members
22,Ethical,Role clarification,Item5,152.0,Clarifies priorities,Ethical,Clarifies priorities
22,Ethical,Power sharing,Item1,153.0,Allows subordinates to have influence on critical decisions,Ethical,Allows subordinates to have influence on critical decisions
22,Ethical,Power sharing,Item2,154.0,Will reconsider decisions on the basis of recommendations by those who report to him/her,Ethical,Will reconsider decisions on the basis of recommendations by those who report to him/her
22,Ethical,Power sharing,Item3,155.0,Delegates challenging responsibilities to subordinates,Ethical,Delegates challenging responsibilities to subordinates
22,Ethical,Power sharing,Item4,156.0,Does not allow others to participate in decision making,Ethical,Does not allow others to participate in decision making
22,Ethical,Power sharing,Item5,157.0,Seeks advice concerning organizational strategy from subordinates,Ethical,Seeks advice concerning organizational strategy from subordinates
22,Ethical,Power sharing,Item6,158.0,Allows subordinates to take a strong hand in setting their performance goals,Ethical,Allows subordinates to take a strong hand in setting their performance goals
24,Ethical,nan,Item1,165.0,Conducts his/her personal life in an ethical manner,Ethical,Conducts his/her personal life in an ethical manner
24,Ethical,nan,Item2,166.0,Defines success not just by results but also the way that they are obtained,Ethical,Defines success not just by results but also the way that they are obtained
24,Ethical,nan,Item3,167.0,Listens to what employees have to say,Ethical,Listens to what employees have to say
24,Ethical,nan,Item4,168.0,Disciplines employees who violate ethical standards,Ethical,Disciplines employees who violate ethical standards
24,Ethical,nan,Item5,169.0,Makes fair and balanced decisions,Ethical,Makes fair and balanced decisions
24,Ethical,nan,Item6,170.0,Can be trusted,Ethical,Can be trusted
24,Ethical,nan,Item7,171.0,Discusses business ethics or values with employees,Ethical,Discusses business ethics or values with employees
24,Ethical,nan,Item8,172.0,Sets an example of how to do things the right way in terms of ethics,Ethical,Sets an example of how to do things the right way in terms of ethics
24,Ethical,nan,Item9,173.0,Has the best interests of employees in mind,Ethical,Has the best interests of employees in mind
24,Ethical,nan,Item10,174.0,"When making decisions, asks what is the right thing to do?""""",Ethical,"When making decisions, asks what is the right thing to do?"""""
19,Servant,nan,Item1,175.0,"Uses power in service to others, not for his or her ambition",Servant,"Uses power in service to others, not for his or her ambition"
19,Servant,nan,Item2,176.0,Gives me the right to question his or her actions and decisions,Servant,Gives me the right to question his or her actions and decisions
19,Servant,nan,Item3,177.0,"Respects me for who I am, not how much I make him or her feel",Servant,"Respects me for who I am, not how much I make him or her feel"
19,Servant,nan,Item4,178.0,Enhances my capacity for moral actions,Servant,Enhances my capacity for moral actions
19,Servant,nan,Item5,179.0,Helps me to generate a sense of meaning out of everyday life at work,Servant,Lps me to generate a sense of meaning out of everyday life at work
19,Servant,nan,Item6,180.0,Contributes to my personal and professional growth,Servant,Contributes to my personal and professional growth
15,Empowering Behavior,Delegation of authority,Item1,181.0,My manager gives me the authority I need to make decisions that improve work processes and procedures,Empowering,Gives me the authority I need to make decisions that improve work processes and procedures
15,Empowering Behavior,Delegation of authority,Item2,182.0,My manager gives me the authority to make changes necessary to improve things,Empowering,Gives me the authority to make changes necessary to improve things
15,Empowering Behavior,Delegation of authority,Item3,183.0,My manager delegates authority to me that is equal to the level of responsibility that I am assigned,Empowering,Delegates authority to me that is equal to the level of responsibility that I am assigned
15,Empowering Behavior,Accountability,Item1,184.0,My manager holds me accountable for the work I am assigned,Empowering,Holds me accountable for the work I am assigned
15,Empowering Behavior,Accountability,Item2,185.0,I am held accountable for performance and results,Empowering,I am held accountable for performance and results
15,Empowering Behavior,Accountability,Item3,186.0,My manager holds people in the department accountable for customer satisfaction,Empowering,Holds people in the department accountable for customer satisfaction
15,Empowering Behavior,Self-directed decision making,Item1,187.0,"My manager tries to help me arrive at my own solutions when problems arise, rather than telling me what he/she would do.",Empowering,"Tries to help me arrive at my own solutions when problems arise, rather than telling me what he/she would do."
15,Empowering Behavior,Self-directed decision making,Item2,188.0,My manager relies on me to make my own decisions about issues that affect how work gets done,Empowering,Relies on me to make my own decisions about issues that affect how work gets done
15,Empowering Behavior,Self-directed decision making,Item3,189.0,My manager encourages me to develop my own solutions to problems I encounter in my work,Empowering,Encourages me to develop my own solutions to problems I encounter in my work
15,Empowering Behavior,Information sharing,Item1,190.0,My manager shares information that I need to ensure high quality results.,Empowering,Shares information that I need to ensure high quality results.
15,Empowering Behavior,Information sharing,Item2,191.0,My manager provides me with the information I need to meet customers' needs,Empowering,Provides me with the information I need to meet customers' needs
15,Empowering Behavior,Skill development,Item1,192.0,"My manager encourages me to use systematic problem-solving methods (e.g., the seven-step problem-solving model)",Empowering,"Encourages me to use systematic problem-solving methods (e.g., the seven-step problem-solving model)"
15,Empowering Behavior,Skill development,Item2,193.0,My manager provides me with frequent opportunities to develop new skills,Empowering,Provides me with frequent opportunities to develop new skills
15,Empowering Behavior,Skill development,Item3,194.0,My manager ensures that continuous learning and skill development are priorities in our department,Empowering,Ensures that continuous learning and skill development are priorities in our department
15,Empowering Behavior,Coaching for innovative performance,Item1,195.0,"My manager is willing to risk mistakes on my part if, over the long term, I will learn and develop as a result of the experience.",Empowering,"Is willing to risk mistakes on my part if, over the long term, I will learn and develop as a result of the experience."
15,Empowering Behavior,Coaching for innovative performance,Item2,196.0,I am encouraged to try out new ideas even if there is a chance they may not succeed,Empowering,I am encouraged to try out new ideas even if there is a chance they may not succeed
15,Empowering Behavior,Coaching for innovative performance,Item3,197.0,My manager focuses on corrective action rather than placing blame when I make a mistake,Empowering,Focuses on corrective action rather than placing blame when I make a mistake
14,Charismatic,Vision and articulation,Item1,198.0,Exciting public speaker,Charismatic,Exciting public speaker
14,Charismatic,Vision and articulation,Item2,199.0,Appears to be a skillful performer when presenting to a group,Charismatic,Appears to be a skillful performer when presenting to a group
14,Charismatic,Vision and articulation,Item3,200.0,"Inspirational, able to motivate by articulating effectively the importance of what organizational members are doing",Charismatic,"Inspirational, able to motivate by articulating effectively the importance of what organizational members are doing"
14,Charismatic,Vision and articulation,Item4,201.0,"Has vision, often brings up ideas about possibilities for the future",Charismatic,"Has vision, often brings up ideas about possibilities for the future"
14,Charismatic,Vision and articulation,Item5,202.0,Provides inspiring strategic and organizational goals,Charismatic,Provides inspiring strategic and organizational goals
14,Charismatic,Vision and articulation,Item6,203.0,Consistently generates new ideas for the future of the organization,Charismatic,Consistently generates new ideas for the future of the organization
14,Charismatic,Environmental sensitivity,Item1,204.0,"Readily recognizes constraints in the organization's social and cultural environment (cultural norms, lack of grass roots support, etc) that may stand in the way of achieving organizational objectives",Charismatic,"Readily recognizes constraints in the organization's social and cultural environment (cultural norms, lack of grass roots support, etc) that may stand in the way of achieving organizational objectives"
14,Charismatic,Environmental sensitivity,Item2,205.0,"Readily recognizes constraints in the physical environment (technological limitations, lack of resources, etc) that may stand in the way of achieving organizational objectives",Charismatic,"Readily recognizes constraints in the physical environment (technological limitations, lack of resources, etc) that may stand in the way of achieving organizational objectives"
14,Charismatic,Environmental sensitivity,Item3,206.0,Readily recognizes barriers/forces within the organization that may block or hinder achievement of his/her goals,Charismatic,Readily recognizes barriers/forces within the organization that may block or hinder achievement of his/her goals
14,Charismatic,Environmental sensitivity,Item4,207.0,Recognizes the abilities and skills of other members in the organization,Charismatic,Recognizes the abilities and skills of other members in the organization
14,Charismatic,Environmental sensitivity,Item5,208.0,Recognizes the limitations of other members in the organization,Charismatic,Recognizes the limitations of other members in the organization
14,Charismatic,Environmental sensitivity,Item6,209.0,Readily recognizes new environmental opportunities (favorable physical and social conditions) that may facilitate achievement or organizational objectives,Charismatic,Readily recognizes new environmental opportunities (favorable physical and social conditions) that may facilitate achievement or organizational objectives
14,Charismatic,Environmental sensitivity,Item7,210.0,Entrepreneurial; seizes new opportunities to achieve goals,Charismatic,Entrepreneurial; seizes new opportunities to achieve goals
14,Charismatic,Unconventional behavior,Item1,211.0,Engages in unconventional behavior to achieve organizational goals,Charismatic,Engages in unconventional behavior to achieve organizational goals
14,Charismatic,Unconventional behavior,Item2,212.0,Uses non-traditional means to achieve organizational goals,Charismatic,Uses non-traditional means to achieve organizational goals
14,Charismatic,Unconventional behavior,Item3,213.0,Often exhibits very unique behavior that surprises other members of the organization,Charismatic,Often exhibits very unique behavior that surprises other members of the organization
14,Charismatic,Personal risk,Item1,214.0,"In pursuing organizational objectives, engages in activities involving considerable personal risk",Charismatic,"In pursuing organizational objectives, engages in activities involving considerable personal risk"
14,Charismatic,Personal risk,Item2,215.0,"In pursuing organizational objectives, engages in activities involving considerable self-sacrifice",Charismatic,"In pursuing organizational objectives, engages in activities involving considerable self-sacrifice"
14,Charismatic,Personal risk,Item3,216.0,Takes high personal risk for the sake of the organization,Charismatic,Takes high personal risk for the sake of the organization
14,Charismatic,Personal risk,Item4,217.0,Often incurs high personal costs for the good of the organization,Charismatic,Often incurs high personal costs for the good of the organization
14,Charismatic,Sensitivity to member needs,Item1,218.0,Shows sensitivity for the needs and feelings of other members in the organization,Charismatic,Shows sensitivity for the needs and feelings of other members in the organization
14,Charismatic,Sensitivity to member needs,Item2,219.0,Influences others by developing mutual liking and respect,Charismatic,Influences others by developing mutual liking and respect
14,Charismatic,Sensitivity to member needs,Item3,220.0,Often expresses personal concern for the needs and feelings of other members of the organization,Charismatic,Often expresses personal concern for the needs and feelings of other members of the organization
14,Charismatic,Does not maintain status quo,Item1,221.0,Tries to maintain the status quo or the normal way of doing things,Charismatic,Tries to maintain the status quo or the normal way of doing things
14,Charismatic,Does not maintain status quo,Item2,222.0,Advocates following non-risky well-established courses of action to achieve organizational goals,Charismatic,Advocates following non-risky well-established courses of action to achieve organizational goals
13,LBDQ Original,Initiating Structure,Item1,223.0,He encourages overtime work.,Initiating Structure,Encourages overtime work.
13,LBDQ Original,Initiating Structure,Item2,224.0,He tries out new ideas.,Initiating Structure,Tries out new ideas.
13,LBDQ Original,Initiating Structure,Item3,225.0,He rules with an iron hand.,Initiating Structure,Rules with an iron hand.
13,LBDQ Original,Initiating Structure,Item4,226.0,He criticizes poor work.,Initiating Structure,Criticizes poor work.
13,LBDQ Original,Initiating Structure,Item5,227.0,He talks about how much should be done.,Initiating Structure,Talks about how much should be done.
13,LBDQ Original,Initiating Structure,Item6,228.0,He encourages slow-working foremen to greater effort.,Initiating Structure,Encourages slow-working foremen to greater effort.
13,LBDQ Original,Initiating Structure,Item7,229.0,He waits for his foremen to push new ideas before he does.,Initiating Structure,Waits for his foremen to push new ideas before he does.
13,LBDQ Original,Initiating Structure,Item8,230.0,He assigns people under him to particular tasks.,Initiating Structure,Assigns people under him to particular tasks.
13,LBDQ Original,Initiating Structure,Item9,231.0,He asks for sacrifices from his foremen for the good of the entire department.,Initiating Structure,Asks for sacrifices from his foremen for the good of the entire department.
13,LBDQ Original,Initiating Structure,Item10,232.0,He insists that his foremen follow standard ways of doing things in every detail.,Initiating Structure,Insists that his foremen follow standard ways of doing things in every detail.
13,LBDQ Original,Initiating Structure,Item11,233.0,He sees to it that people under him are working up to their limits.,Initiating Structure,Sees to it that people under him are working up to their limits.
13,LBDQ Original,Initiating Structure,Item12,234.0,He offers new approaches to problems.,Initiating Structure,Offers new approaches to problems.
13,LBDQ Original,Initiating Structure,Item13,235.0,He insists that he be informed on decisions made by foremen under him.,Initiating Structure,Insists that he be informed on decisions made by foremen under him.
13,LBDQ Original,Initiating Structure,Item14,236.0,He lets others do their work the way they think best.,Initiating Structure,Lets others do their work the way they think best.
13,LBDQ Original,Initiating Structure,Item15,237.0,He stresses being ahead of competing work groups.,Initiating Structure,Stresses being ahead of competing work groups.
13,LBDQ Original,Initiating Structure,Item16,238.0,"He ""needles"" foremen under him for greater effort.",Initiating Structure,"Needles"" foremen under him for greater effort."
13,LBDQ Original,Initiating Structure,Item17,239.0,He decides in detail what shall be done and how it shall be done.,Initiating Structure,Decides in detail what shall be done and how it shall be done.
13,LBDQ Original,Initiating Structure,Item18,240.0,He emphasizes meeting of deadlines.,Initiating Structure,Emphasizes meeting of deadlines.
13,LBDQ Original,Initiating Structure,Item19,241.0,He asks foremen who have slow groups to get more out of their groups.,Initiating Structure,Asks foremen who have slow groups to get more out of their groups.
13,LBDQ Original,Initiating Structure,Item20,242.0,He emphasizes the quantity of work.,Initiating Structure,Emphasizes the quantity of work.
13,LBDQ Original,Consideration,Item1,243.0,He refuses to give in when people disagree with him.,Consideration,Refuses to give in when people disagree with him.
13,LBDQ Original,Consideration,Item2,244.0,He does personal favors for the foremen under him.,Consideration,Does personal favors for the foremen under him.
13,LBDQ Original,Consideration,Item3,245.0,He expresses appreciation when one of us does a good job.,Consideration,Expresses appreciation when one of us does a good job.
13,LBDQ Original,Consideration,Item4,246.0,He is easy to understand,Consideration,Is easy to understand
13,LBDQ Original,Consideration,Item5,247.0,He demands more than we can do,Consideration,Demands more than we can do
13,LBDQ Original,Consideration,Item6,248.0,He helps his foremen with their personal problems.,Consideration,Helps his foremen with their personal problems.
13,LBDQ Original,Consideration,Item7,249.0,He criticizes his foremen in front of others.,Consideration,Criticizes his foremen in front of others.
13,LBDQ Original,Consideration,Item8,250.0,He stands up for his foremen even though it makes him unpopular.,Consideration,Stands up for his foremen even though it makes him unpopular.
13,LBDQ Original,Consideration,Item9,251.0,He insists that everything be done his way.,Consideration,Insists that everything be done his way.
13,LBDQ Original,Consideration,Item10,252.0,He sees that a foreman is rewarded for a job well done.,Consideration,Sees that a foreman is rewarded for a job well done.
13,LBDQ Original,Consideration,Item11,253.0,He rejects suggestions for changes,Consideration,Rejects suggestions for changes
13,LBDQ Original,Consideration,Item12,254.0,He changes the duties of people under him without first talking it over with them.,Consideration,Changes the duties of people under him without first talking it over with them.
13,LBDQ Original,Consideration,Item13,255.0,He treats people under him without considering their feelings.,Consideration,Treats people under him without considering their feelings.
13,LBDQ Original,Consideration,Item14,256.0,He tries to keep the foremen under him in good standing with those in higher authority.,Consideration,Tries to keep the foremen under him in good standing with those in higher authority.
13,LBDQ Original,Consideration,Item15,257.0,He resists changes in ways of doing things.,Consideration,Resists changes in ways of doing things.
13,LBDQ Original,Consideration,Item16,258.0,"He ""rides"" the foreman who makes a mistake.",Consideration,"Rides"" the foreman who makes a mistake."
13,LBDQ Original,Consideration,Item17,259.0,He refuses to explain his actions,Consideration,Refuses to explain his actions
13,LBDQ Original,Consideration,Item18,260.0,He acts without consulting his foremen first.,Consideration,Acts without consulting his foremen first.
13,LBDQ Original,Consideration,Item19,261.0,He stresses the importance of high morale among those under him.,Consideration,Stresses the importance of high morale among those under him.
13,LBDQ Original,Consideration,Item20,262.0,He backs up his foremen in their actions.,Consideration,Backs up his foremen in their actions.
13,LBDQ Original,Consideration,Item21,263.0,He is slow to accept new ideas.,Consideration,Is slow to accept new ideas.
13,LBDQ Original,Consideration,Item22,264.0,He treats all his foremen as his equal.,Consideration,Treats all his foremen as his equal.
13,LBDQ Original,Consideration,Item23,265.0,He criticizes a specific act rather than a particular individual.,Consideration,Criticizes a specific act rather than a particular individual.
13,LBDQ Original,Consideration,Item24,266.0,He is willing to make changes.,Consideration,Is willing to make changes.
13,LBDQ Original,Consideration,Item25,267.0,He makes those under him feel at ease when talking to him.,Consideration,Makes those under him feel at ease when talking to him.
13,LBDQ Original,Consideration,Item26,268.0,He is friendly and can be easily approached.,Consideration,Is friendly and can be easily approached.
13,LBDQ Original,Consideration,Item27,269.0,He puts suggestions that are made by foremen under him into operation.,Consideration,Puts suggestions that are made by foremen under him into operation.
13,LBDQ Original,Consideration,Item28,270.0,He gets the approval of his foremen on important matters before going ahead.,Consideration,Gets the approval of his foremen on important matters before going ahead.
12,Authentic,Self-awareness,Item1,271.0,My leader describes accurately the way that others view his/her abilities.,Authentic,Describes accurately the way that others view his/her abilities.
12,Authentic,Self-awareness,Item2,272.0,My leader shows that he/she understands his/her strengths and weaknesses.,Authentic,Shows that he/she understands his/her strengths and weaknesses.
12,Authentic,Self-awareness,Item3,273.0,My leader is clearly aware of the impact he/she has on others.,Authentic,Is clearly aware of the impact he/she has on others.
12,Authentic,Relational transparency,Item1,274.0,My leader clearly states what he/she means.,Authentic,Clearly states what he/she means.
12,Authentic,Relational transparency,Item2,275.0,My leader openly shares information with others.,Authentic,Openly shares information with others.
12,Authentic,Relational transparency,Item3,276.0,My leader expresses his/her ideas and thoughts clearly to others.,Authentic,Expresses his/her ideas and thoughts clearly to others.
12,Authentic,Internalized moral perspective,Item1,277.0,My leader shows consistency between his/her beliefs and actions.,Authentic,Shows consistency between his/her beliefs and actions.
12,Authentic,Internalized moral perspective,Item2,278.0,My leader uses his/her core beliefs to make decisions.,Authentic,Uses his/her core beliefs to make decisions.
12,Authentic,Internalized moral perspective,Item3,279.0,My leader resists pressures on him/her to do things contrary to his/her beliefs.,Authentic,Resists pressures on him/her to do things contrary to his/her beliefs.
12,Authentic,Internalized moral perspective,Item4,280.0,My leader is guided in his/her actions by internal moral standards.,Authentic,Is guided in his/her actions by internal moral standards.
12,Authentic,Balanced processing,Item1,281.0,My leader asks for ideas that challenge his/her core beliefs.,Authentic,Asks for ideas that challenge his/her core beliefs.
12,Authentic,Balanced processing,Item2,282.0,My leader carefully listens to alternative perspectives before reaching a conclusion.,Authentic,Carefully listens to alternative perspectives before reaching a conclusion.
12,Authentic,Balanced processing,Item3,283.0,My leader objectively analyzes relevant data before making a decision,Authentic,Objectively analyzes relevant data before making a decision
12,Authentic,Balanced processing,Item4,284.0,My leader encourages others to voice opposing points of view.,Authentic,Encourages others to voice opposing points of view.
9,Servant,Forming relationships with subordinates,Item1,285.0,My department manager spends the time to form quality relationships with department employees.,Servant,Spends the time to form quality relationships with department employees.
9,Servant,Forming relationships with subordinates,Item2,286.0,My department manager creates a sense of community among department employees.,Servant,Creates a sense of community among department employees.
9,Servant,Empowering subordinates,Item1,287.0,My department manager's decisions are influenced by department employees' input.,Servant,S decisions are influenced by department employees' input.
9,Servant,Empowering subordinates,Item2,288.0,My department manager tries to reach consensus among department employees on important decisions.,Servant,Tries to reach consensus among department employees on important decisions.
9,Servant,Helping subordinates grow and succeed,Item1,289.0,My department manager is sensitive to department employees' responsibilities outside the work place.,Servant,Is sensitive to department employees' responsibilities outside the work place.
9,Servant,Helping subordinates grow and succeed,Item2,290.0,My department manager makes the personal development of department employees a priority.,Servant,Makes the personal development of department employees a priority.
9,Servant,Behaving ethically,Item1,291.0,My department manager holds department employees to high ethical standards.,Servant,Holds department employees to high ethical standards.
9,Servant,Behaving ethically,Item2,292.0,My department manager does what she or he promises to do.,Servant,Does what she or he promises to do.
9,Servant,Having conceptual skills,Item1,293.0,My department manager balances concern for day-to-day details with projections for the future.,Servant,Balances concern for day-to-day details with projections for the future.
9,Servant,Having conceptual skills,Item2,294.0,My department manager displays wide-ranging knowledge and interests in finding solutions to work problems.,Servant,Displays wide-ranging knowledge and interests in finding solutions to work problems.
9,Servant,Putting subordinates first,Item1,295.0,"My department manager makes me feel like I work with him/her, not for him/her.",Servant,"Makes me feel like I work with him/her, not for him/her."
9,Servant,Putting subordinates first,Item2,296.0,My department manager works hard at finding ways to help others be the best they can be.,Servant,Works hard at finding ways to help others be the best they can be.
9,Servant,Creating values for those outside of the organization,Item1,297.0,My department manager encourages department employees to be involved in community service and volunteer activities outside of work.,Servant,Encourages department employees to be involved in community service and volunteer activities outside of work.
9,Servant,Creating values for those outside of the organization,Item2,298.0,My department manager emphasizes the importance of giving back to the community.,Servant,Emphasizes the importance of giving back to the community.
26,Group-Focused Transformational Leadership,Team-building,Item1,299.0,Our supervisor fosters collaboration among his/her subordinates.,Transformational,Fosters collaboration among his/her subordinates.
26,Group-Focused Transformational Leadership,Team-building,Item2,300.0,Our supervisor encourages employees to be team,Transformational,Encourages employees to be team
26,Group-Focused Transformational Leadership,Team-building,Item3,301.0,"Our supervisor develops a team attitude and spirit

among his/her subordinates",Transformational,"Develops a team attitude and spirit

among his/her subordinates"
26,Group-Focused Transformational Leadership,Articulating a group vision,Item1,302.0,Our supervisor inspires us with his/her plans for the future,Transformational,Inspires us with his/her plans for the future
26,Group-Focused Transformational Leadership,Articulating a group vision,Item2,303.0,Our supervisor provides us with a compelling vision to work toward,Transformational,Provides us with a compelling vision to work toward
26,Group-Focused Transformational Leadership,Articulating a group vision,Item3,304.0,Our supervisor has a clear understanding of where we are going,Transformational,Has a clear understanding of where we are going
26,Group-Focused Transformational Leadership,Fostering acceptance of group goals,Item1,305.0,"

Our supervisor gets the group to work together for the same goal",Transformational,"

Our supervisor gets the group to work together for the same goal"
26,Group-Focused Transformational Leadership,Fostering acceptance of group goals,Item2,306.0,Our supervisor is able to get others to commit to what we need to accomplish in our unit,Transformational,Is able to get others to commit to what we need to accomplish in our unit
26,Individual-Focused Transformational Leadership,Individualized support,Item1,307.0,My supervisor shows respect for personal feelings,Transformational,Shows respect for personal feelings
26,Individual-Focused Transformational Leadership,Individualized support,Item2,308.0,"My supervisor behaves in a manner, which is thoughtful of my personal needs",Transformational,"Behaves in a manner, which is thoughtful of my personal needs"
26,Individual-Focused Transformational Leadership,Individualized support,Item3,309.0,My supervisor sees that my interests are given due consideration,Transformational,Sees that my interests are given due consideration
26,Individual-Focused Transformational Leadership,Intellectual stimulation,Item1,310.0,My supervisor challenges me to think about old problems in new ways,Transformational,Challenges me to think about old problems in new ways
26,Individual-Focused Transformational Leadership,Intellectual stimulation,Item2,311.0,My supervisor stimulates me to rethink some things that I have never questioned before,Transformational,Stimulates me to rethink some things that I have never questioned before
26,Individual-Focused Transformational Leadership,Intellectual stimulation,Item3,312.0,My supervisor challenges me to re-examine some of my basic assumptions about work,Transformational,Challenges me to re-examine some of my basic assumptions about work
53,Servant Leadership,Altruistic Calling,Item1,491.0,This person puts my best interests ahead of his/her own.,Servant,Puts my best interests ahead of his/her own.
53,Servant Leadership,Altruistic Calling,Item2,492.0,This person does everything he/she can to serve me.,Servant,Does everything he/she can to serve me.
53,Servant Leadership,Altruistic Calling,Item3,493.0,This person sacrifices his/her own interests to meet my needs.,Servant,Sacrifices his/her own interests to meet my needs.
53,Servant Leadership,Altruistic Calling,Item4,494.0,This person goes above and beyond the call of duty to meet my needs.,Servant,Goes above and beyond the call of duty to meet my needs.
53,Servant Leadership,Emotional healing,Item1,495.0,This person is one I would turn to if I had a personal trauma.,Servant,Is one I would turn to if I had a personal trauma.
53,Servant Leadership,Emotional healing,Item2,496.0,This person is good at helping me with my emotional issues.,Servant,Is good at helping me with my emotional issues.
53,Servant Leadership,Emotional healing,Item3,497.0,This person is talented at helping me to heal emotionally.,Servant,Is talented at helping me to heal emotionally.
53,Servant Leadership,Emotional healing,Item4,498.0,This person is one that could help me mend my hard feelings.,Servant,Is one that could help me mend my hard feelings.
53,Servant Leadership,Wisdom,Item1,499.0,This person seems alert to what's happening.,Servant,Seems alert to what's happening.
53,Servant Leadership,Wisdom,Item2,500.0,This person is good at anticipating the consequences of decisions.,Servant,Is good at anticipating the consequences of decisions.
53,Servant Leadership,Wisdom,Item3,501.0,This person has great awareness of what is going on.,Servant,Has great awareness of what is going on.
53,Servant Leadership,Wisdom,Item4,502.0,This person seems in touch with what's happening.,Servant,Seems in touch with what's happening.
53,Servant Leadership,Wisdom,Item5,503.0,This person seems to know what is going to happen.,Servant,Seems to know what is going to happen.
53,Servant Leadership,Persuasive mapping,Item1,504.0,This person offers compelling reasons to get me to do things.,Servant,Offers compelling reasons to get me to do things.
53,Servant Leadership,Persuasive mapping,Item2,505.0,"This person encourages me to dream ""big dreams"" about the organization.",Servant,"Encourages me to dream ""big dreams"" about the organization."
53,Servant Leadership,Persuasive mapping,Item3,506.0,This person is very persuasive.,Servant,Is very persuasive.
53,Servant Leadership,Persuasive mapping,Item4,507.0,This person is good at convincing me to do things.,Servant,Is good at convincing me to do things.
53,Servant Leadership,Persuasive mapping,Item5,508.0,This person is gifted when it comes to persuading me.,Servant,Is gifted when it comes to persuading me.
53,Servant Leadership,Organizational stewardship,Item1,509.0,This person believes that the organization needs to play a moral role in society.,Servant,Believes that the organization needs to play a moral role in society.
53,Servant Leadership,Organizational stewardship,Item2,510.0,This person believes that our organization needs to function as a community.,Servant,Believes that our organization needs to function as a community.
53,Servant Leadership,Organizational stewardship,Item3,511.0,This person sees the organization for its potential to contribute to society.,Servant,Sees the organization for its potential to contribute to society.
53,Servant Leadership,Organizational stewardship,Item4,512.0,This person encourages me to have a community spirit in the workplace.,Servant,Encourages me to have a community spirit in the workplace.
53,Servant Leadership,Organizational stewardship,Item5,513.0,This person is preparing the organization to make a positive difference in the future.,Servant,Is preparing the organization to make a positive difference in the future.
54,Ethical Leadership,nan,Item1,514.0,Shows a strong concern for ethical and moral values.,Ethical,Shows a strong concern for ethical and moral values.
54,Ethical Leadership,nan,Item2,515.0,Communicates clear ethical standards for members.,Ethical,Communicates clear ethical standards for members.
54,Ethical Leadership,nan,Item3,516.0,Sets an example of ethical behavior in his/her decisions and actions.,Ethical,Sets an example of ethical behavior in his/her decisions and actions.
54,Ethical Leadership,nan,Item4,517.0,Is honest and can be trusted to tell the truth.,Ethical,Is honest and can be trusted to tell the truth.
54,Ethical Leadership,nan,Item5,518.0,"Keeps his/her actions consistent with his/her stated values (""walks the talk"").",Ethical,"Keeps his/her actions consistent with his/her stated values (""walks the talk"")."
54,Ethical Leadership,nan,Item6,519.0,Is fair and unbiased when assigning tasks to members.,Ethical,Is fair and unbiased when assigning tasks to members.
54,Ethical Leadership,nan,Item7,520.0,Can be trusted to carry out promises and commitments.,Ethical,Can be trusted to carry out promises and commitments.
54,Ethical Leadership,nan,Item8,521.0,Insists on doing what is fair and ethical even when it is not easy.,Ethical,Insists on doing what is fair and ethical even when it is not easy.
54,Ethical Leadership,nan,Item9,522.0,Acknowledges mistakes and takes responsibility for them.,Ethical,Acknowledges mistakes and takes responsibility for them.
54,Ethical Leadership,nan,Item10,523.0,Regards honesty and integrity as important personal values.,Ethical,Regards honesty and integrity as important personal values.
54,Ethical Leadership,nan,Item11,524.0,Sets an example of dedication and self-sacrifice for the organization.,Ethical,Sets an example of dedication and self-sacrifice for the organization.
54,Ethical Leadership,nan,Item12,525.0,Opposes the use of unethical practices to increase performance.,Ethical,Opposes the use of unethical practices to increase performance.
54,Ethical Leadership,nan,Item13,526.0,Is fair and objective when evaluating member performance and providing rewards.,Ethical,Is fair and objective when evaluating member performance and providing rewards.
54,Ethical Leadership,nan,Item14,527.0,Puts the needs of others above his/her own self-interest.,Ethical,Puts the needs of others above his/her own self-interest.
54,Ethical Leadership,nan,Item15,528.0,Holds members accountable for using ethical practices in their work.,Ethical,Holds members accountable for using ethical practices in their work.
37,Dual-Level Transformational Leadership - The Individual-Focused TFL Subscale,Communicating high expectations,Item1,534.0,Encourages me to set high goals for myself.,Transformational,Encourages me to set high goals for myself.
37,Dual-Level Transformational Leadership - The Individual-Focused TFL Subscale,Communicating high expectations,Item2,535.0,Communicates high performance expectations to me.,Transformational,Communicates high performance expectations to me.
37,Dual-Level Transformational Leadership - The Individual-Focused TFL Subscale,Communicating high expectations,Item3,536.0,"Shows confidence in my ability to meet performance

expectations.",Transformational,"Shows confidence in my ability to meet performance

expectations."
37,Dual-Level Transformational Leadership - The Individual-Focused TFL Subscale,Communicating high expectations,Item4,537.0,Demonstrates total confidence in me.,Transformational,Demonstrates total confidence in me.
37,Dual-Level Transformational Leadership - The Individual-Focused TFL Subscale,Communicating high expectations,Item5,538.0,Encourages me to live up to my potential.,Transformational,Encourages me to live up to my potential.
37,Dual-Level Transformational Leadership - The Individual-Focused TFL Subscale,Follower development,Item1,539.0,Helps me develop my strengths.,Transformational,Lps me develop my strengths.
37,Dual-Level Transformational Leadership - The Individual-Focused TFL Subscale,Follower development,Item2,540.0,Suggests training to improve my ability to carry out my job.,Transformational,Suggests training to improve my ability to carry out my job.
37,Dual-Level Transformational Leadership - The Individual-Focused TFL Subscale,Follower development,Item3,541.0,Provides me with developmental experiences.,Transformational,Provides me with developmental experiences.
37,Dual-Level Transformational Leadership - The Individual-Focused TFL Subscale,Follower development,Item4,542.0,Provides feedback to help me develop my abilities.,Transformational,Provides feedback to help me develop my abilities.
37,Dual-Level Transformational Leadership - The Individual-Focused TFL Subscale,Follower development,Item5,543.0,Provides coaching to help me improve my job performance.,Transformational,Provides coaching to help me improve my job performance.
37,Dual-Level Transformational Leadership - The Individual-Focused TFL Subscale,Intellectual stimulation,Item1,544.0,Gets me to look at problems from many different angles.,Transformational,Gets me to look at problems from many different angles.
37,Dual-Level Transformational Leadership - The Individual-Focused TFL Subscale,Intellectual stimulation,Item2,545.0,Challenges me to think about old problems in new ways.,Transformational,Challenges me to think about old problems in new ways.
37,Dual-Level Transformational Leadership - The Individual-Focused TFL Subscale,Intellectual stimulation,Item3,546.0,Challenges me to be innovative in my approach to work assignments.,Transformational,Challenges me to be innovative in my approach to work assignments.
37,Dual-Level Transformational Leadership - The Individual-Focused TFL Subscale,Intellectual stimulation,Item4,547.0,Encourages me to be an independent thinker.,Transformational,Encourages me to be an independent thinker.
37,Dual-Level Transformational Leadership - The Individual-Focused TFL Subscale,Personal recognition,Item1,548.0,Commends me when I achieve my goals.,Transformational,Commends me when I achieve my goals.
37,Dual-Level Transformational Leadership - The Individual-Focused TFL Subscale,Personal recognition,Item2,549.0,Gives me positive feedback when I perform well.,Transformational,Gives me positive feedback when I perform well.
37,Dual-Level Transformational Leadership - The Individual-Focused TFL Subscale,Personal recognition,Item3,550.0,Gives me special recognition when my work is very good.,Transformational,Gives me special recognition when my work is very good.
37,Dual-Level Transformational Leadership - The Individual-Focused TFL Subscale,Personal recognition,Item4,551.0,Acknowledges improvement in my quality of work.,Transformational,Acknowledges improvement in my quality of work.
37,Dual-Level Transformational Leadership - The Group-Focused TFL Subscale,Emphasizing group identity,Item1,552.0,Encourages team members to take pride in our team.,Transformational,Encourages team members to take pride in our team.
37,Dual-Level Transformational Leadership - The Group-Focused TFL Subscale,Emphasizing group identity,Item2,553.0,"Says things that make us feel proud to be members of this

team.",Transformational,"Says things that make us feel proud to be members of this

team."
37,Dual-Level Transformational Leadership - The Group-Focused TFL Subscale,Emphasizing group identity,Item3,554.0,Says positive things about the team.,Transformational,Says positive things about the team.
37,Dual-Level Transformational Leadership - The Group-Focused TFL Subscale,Emphasizing group identity,Item4,555.0,"Encourages others to place the interests of the team ahead

of their own interests.",Transformational,"Encourages others to place the interests of the team ahead

of their own interests."
37,Dual-Level Transformational Leadership - The Group-Focused TFL Subscale,Emphasizing group identity,Item5,556.0,Emphasizes the uniqueness of the team.,Transformational,Emphasizes the uniqueness of the team.
37,Dual-Level Transformational Leadership - The Group-Focused TFL Subscale,Communicating a group vision,Item1,557.0,"Articulates a compelling vision of the future for our

team.",Transformational,"Articulates a compelling vision of the future for our

team."
37,Dual-Level Transformational Leadership - The Group-Focused TFL Subscale,Communicating a group vision,Item2,558.0,Talks optimistically about the future of our team.,Transformational,Talks optimistically about the future of our team.
37,Dual-Level Transformational Leadership - The Group-Focused TFL Subscale,Communicating a group vision,Item3,559.0,Talks enthusiastically about what needs to be accomplished by our team.,Transformational,Talks enthusiastically about what needs to be accomplished by our team.
37,Dual-Level Transformational Leadership - The Group-Focused TFL Subscale,Communicating a group vision,Item4,560.0,"Communicates a clear direction of where our team is

going.",Transformational,"Communicates a clear direction of where our team is

going."
37,Dual-Level Transformational Leadership - The Group-Focused TFL Subscale,Team-building,Item1,561.0,Fosters collaboration among team members.,Transformational,Fosters collaboration among team members.
37,Dual-Level Transformational Leadership - The Group-Focused TFL Subscale,Team-building,Item2,562.0,"Encourages group members to be team players.""",Transformational,"Encourages group members to be team players."""
40,Abusive Supervision,nan,Item1,566.0,I ridiculed an employee.,Abusive,I ridiculed an employee.
40,Abusive Supervision,nan,Item2,567.0,I gave an employee the silent treatment.,Abusive,I gave an employee the silent treatment.
40,Abusive Supervision,nan,Item3,568.0,I put an employee down in front of others.,Abusive,I put an employee down in front of others.
40,Abusive Supervision,nan,Item4,569.0,I reminded an employee of his/her past mistakes and failures.,Abusive,I reminded an employee of his/her past mistakes and failures.
40,Abusive Supervision,nan,Item5,570.0,"I expressed anger at an employee when I was mad for another

reason.",Abusive,"I expressed anger at an employee when I was mad for another

reason."
40,Abusive Supervision,nan,Item6,571.0,I made negative comments about an employee to others.,Abusive,I made negative comments about an employee to others.
40,Abusive Supervision,nan,Item7,572.0,I was rude to an employee.,Abusive,I was rude to an employee.
40,Abusive Supervision,nan,Item8,573.0,I told an employee that he/she is incompetent.,Abusive,I told an employee that he/she is incompetent.
63,LBDQ Revised,Consideration,Item1,628.0,He does personal favors for group members.,Consideration,Does personal favors for group members.
63,LBDQ Revised,Consideration,Item2,629.0,He does little things to make it pleasant to be a member of the group.,Consideration,Does little things to make it pleasant to be a member of the group.
63,LBDQ Revised,Consideration,Item3,630.0,He is easy to understand.,Consideration,Is easy to understand.
63,LBDQ Revised,Consideration,Item4,631.0,He finds time to listen to group members.,Consideration,Finds time to listen to group members.
63,LBDQ Revised,Consideration,Item5,632.0,He keeps to himself.,Consideration,Keeps to himself.
63,LBDQ Revised,Consideration,Item6,633.0,He looks out for personal welfare of individual group members.,Consideration,Looks out for personal welfare of individual group members.
63,LBDQ Revised,Consideration,Item7,634.0,He refuses to explain his actions.,Consideration,Refuses to explain his actions.
63,LBDQ Revised,Consideration,Item8,635.0,He acts without consulting the group.,Consideration,Acts without consulting the group.
63,LBDQ Revised,Consideration,Item9,636.0,He backs up the members in their actions.,Consideration,Backs up the members in their actions.
63,LBDQ Revised,Consideration,Item10,637.0,He treats all group members as his equals.,Consideration,Treats all group members as his equals.
63,LBDQ Revised,Consideration,Item11,638.0,He is willing to make changes.,Consideration,Is willing to make changes.
63,LBDQ Revised,Consideration,Item12,639.0,He is friendly and approachable.,Consideration,Is friendly and approachable.
63,LBDQ Revised,Consideration,Item13,640.0,He makes group members feel at ease when talking with them.,Consideration,Makes group members feel at ease when talking with them.
63,LBDQ Revised,Consideration,Item14,641.0,He puts suggestions made by the group into operation.,Consideration,Puts suggestions made by the group into operation.
63,LBDQ Revised,Consideration,Item15,642.0,He gets group approval on important matters before going ahead.,Consideration,Gets group approval on important matters before going ahead.
63,LBDQ Revised,Initiating Structure,Item1,643.0,He makes his attitudes clear to the group.,Initiating Structure,Makes his attitudes clear to the group.
63,LBDQ Revised,Initiating Structure,Item2,644.0,He tries out his new ideas with the group.,Initiating Structure,Tries out his new ideas with the group.
63,LBDQ Revised,Initiating Structure,Item3,645.0,He rules with an iron hand.,Initiating Structure,Rules with an iron hand.
63,LBDQ Revised,Initiating Structure,Item4,646.0,He criticizes poor work.,Initiating Structure,Criticizes poor work.
63,LBDQ Revised,Initiating Structure,Item5,647.0,He speaks in a manner not to be questioned.,Initiating Structure,Speaks in a manner not to be questioned.
63,LBDQ Revised,Initiating Structure,Item6,648.0,He assigns group members to particular tasks.,Initiating Structure,Assigns group members to particular tasks.
63,LBDQ Revised,Initiating Structure,Item7,649.0,He schedules work to be done.,Initiating Structure,Schedules work to be done.
63,LBDQ Revised,Initiating Structure,Item8,650.0,He maintains definite standards of performance.,Initiating Structure,Maintains definite standards of performance.
63,LBDQ Revised,Initiating Structure,Item9,651.0,He emphasizes the meeting of deadlines.,Initiating Structure,Emphasizes the meeting of deadlines.
63,LBDQ Revised,Initiating Structure,Item10,652.0,He encourages the use of uniform procedures.,Initiating Structure,Encourages the use of uniform procedures.
63,LBDQ Revised,Initiating Structure,Item11,653.0,He makes sure that his part in the organization is understood by all group members.,Initiating Structure,Makes sure that his part in the organization is understood by all group members.
63,LBDQ Revised,Initiating Structure,Item12,654.0,He asks that group members follow standard rules and regulations.,Initiating Structure,Asks that group members follow standard rules and regulations.
63,LBDQ Revised,Initiating Structure,Item13,655.0,He sees to it that group members are working up to capacity.,Initiating Structure,Sees to it that group members are working up to capacity.
63,LBDQ Revised,Initiating Structure,Item14,656.0,He sees to it that the work of group members is coordinated.,Initiating Structure,Sees to it that the work of group members is coordinated.
57,Instrumental Leadership,Environmental Monitoring,Item1,679.0,Understands the constraints of our organization,Instrumental,Understands the constraints of our organization
57,Instrumental Leadership,Environmental Monitoring,Item2,680.0,Senses what needs to be changed in our organization,Instrumental,Senses what needs to be changed in our organization
57,Instrumental Leadership,Environmental Monitoring,Item3,681.0,Recognizes the strengths of our organization,Instrumental,Recognizes the strengths of our organization
57,Instrumental Leadership,Environmental Monitoring,Item4,682.0,Capitalizes on opportunities presented by the external environment,Instrumental,Capitalizes on opportunities presented by the external environment
57,Instrumental Leadership,Strategy Formulation and Implementation,Item1,683.0,Develops specific policies to support his/her vision,Instrumental,Develops specific policies to support his/her vision
57,Instrumental Leadership,Strategy Formulation and Implementation,Item2,684.0,Sets specific objectives so that the mission can be accomplished,Instrumental,Sets specific objectives so that the mission can be accomplished
57,Instrumental Leadership,Strategy Formulation and Implementation,Item3,685.0,Ensures that his/her vision is understood in specific terms,Instrumental,Ensures that his/her vision is understood in specific terms
57,Instrumental Leadership,Strategy Formulation and Implementation,Item4,686.0,Translates the mission into specific goals,Instrumental,Translates the mission into specific goals
57,Instrumental Leadership,Path-Goal Facilitation,Item1,687.0,Removes obstacles to my goal attainment,Instrumental,Removes obstacles to my goal attainment
57,Instrumental Leadership,Path-Goal Facilitation,Item2,688.0,Ensures that I have sufficient resources to reach my goals,Instrumental,Ensures that I have sufficient resources to reach my goals
57,Instrumental Leadership,Path-Goal Facilitation,Item3,689.0,Clarifies the path to my goal attainment,Instrumental,Clarifies the path to my goal attainment
57,Instrumental Leadership,Path-Goal Facilitation,Item4,690.0,Facilitates my goal achievement,Instrumental,Facilitates my goal achievement
57,Instrumental Leadership,Outcome Monitoring,Item1,691.0,Helps me correct my mistakes,Instrumental,Lps me correct my mistakes
57,Instrumental Leadership,Outcome Monitoring,Item2,692.0,Assists me to learn from my mistakes,Instrumental,Assists me to learn from my mistakes
57,Instrumental Leadership,Outcome Monitoring,Item3,693.0,Provides me with information concerning how mistakes can be avoided,Instrumental,Provides me with information concerning how mistakes can be avoided
57,Instrumental Leadership,Outcome Monitoring,Item4,694.0,Provides me with constructive feedback about my mistakes,Instrumental,Provides me with constructive feedback about my mistakes
47,Transformational,Individual consideration,Item1,785.0,Treat others as individuals rather than just members of the teams,Transformational,Treat others as individuals rather than just members of the teams
47,Transformational,Individual consideration,Item2,786.0,Help others to develop their strengths,Transformational,Lp others to develop their strengths
47,Transformational,Individual consideration,Item3,787.0,Spend time teaching and coaching others,Transformational,Spend time teaching and coaching others
47,Transformational,Individual consideration,Item4,788.0,"Consider everyone as having different needs, abilities, and aspirations from others",Transformational,"Consider everyone as having different needs, abilities, and aspirations from others"
47,Transformational,Idealized influence (A),Item1,789.0,Instill pride in others for being associated with him or her,Transformational,Instill pride in others for being associated with him or her
47,Transformational,Idealized influence (A),Item2,790.0,Go beyond self interest for the good of the alliance team,Transformational,Go beyond self interest for the good of the alliance team
47,Transformational,Idealized influence (A),Item3,791.0,Act in ways that build respect,Transformational,Act in ways that build respect
47,Transformational,Idealized influence (A),Item4,792.0,Display a sense of power and confidence,Transformational,Display a sense of power and confidence
47,Transformational,Idealized influence (B),Item1,793.0,Talk about the most important values and beliefs,Transformational,Talk about the most important values and beliefs
47,Transformational,Idealized influence (B),Item2,794.0,Specify the importance of having a strong sense of purpose,Transformational,Specify the importance of having a strong sense of purpose
47,Transformational,Idealized influence (B),Item3,795.0,Consider the moral and ethical consequences of decisions,Transformational,Consider the moral and ethical consequences of decisions
47,Transformational,Idealized influence (B),Item4,796.0,Emphasize the importance of having a collective sense of mission,Transformational,Emphasize the importance of having a collective sense of mission
47,Transformational,Inspirational motivation,Item1,797.0,Talk optimistically about the future,Transformational,Talk optimistically about the future
47,Transformational,Inspirational motivation,Item2,798.0,Express confidence that goals will be achieved,Transformational,Express confidence that goals will be achieved
47,Transformational,Inspirational motivation,Item3,799.0,Talk enthusiastic about what needs to be accomplished,Transformational,Talk enthusiastic about what needs to be accomplished
47,Transformational,Inspirational motivation,Item4,800.0,Articulate a compelling vision of the future,Transformational,Articulate a compelling vision of the future
47,Transformational,Intellectual stimulation,Item1,801.0,Re-examine critical assumptions to question whether the assumptions are appropriate,Transformational,Re-examine critical assumptions to question whether the assumptions are appropriate
47,Transformational,Intellectual stimulation,Item2,802.0,Seek differing perspectives when solving problems,Transformational,Seek differing perspectives when solving problems
47,Transformational,Intellectual stimulation,Item3,803.0,Suggest new ways of looking at how to complete assignments,Transformational,Suggest new ways of looking at how to complete assignments
47,Transformational,Intellectual stimulation,Item4,804.0,Get others to look at problems from many different angles,Transformational,Get others to look at problems from many different angles
99,Destructive Leadership,Destrudo-L,Item1,830.0,Makes subordinates stupid,Destructive,Makes subordinates stupid
99,Destructive Leadership,Destrudo-L,Item2,831.0,Behaves arrogant,Destructive,Behaves arrogant
99,Destructive Leadership,Destrudo-L,Item3,832.0,Treats people differently,Destructive,Treats people differently
99,Destructive Leadership,Destrudo-L,Item4,833.0,Is unpleasant,Destructive,Is unpleasant
99,Destructive Leadership,Destrudo-L,Item5,834.0,Shows violent tendencies,Destructive,Shows violent tendencies
99,Destructive Leadership,Destrudo-L,Item6,835.0,Punishes subordinates who make mistakes or do not reach set goals,Destructive,Punishes subordinates who make mistakes or do not reach set goals
99,Destructive Leadership,Destrudo-L,Item7,836.0,Uses threats to get his/her way,Destructive,Uses threats to get his/her way
99,Destructive Leadership,Destrudo-L,Item8,837.0,Puts unreasonable demands,Destructive,Puts unreasonable demands
99,Destructive Leadership,Destrudo-L,Item9,838.0,Takes the honor of subordinates' work,Destructive,Takes the honor of subordinates' work
99,Destructive Leadership,Destrudo-L,Item10,839.0,Puts own needs ahead of the group's,Destructive,Puts own needs ahead of the group's
99,Destructive Leadership,Destrudo-L,Item11,840.0,Does not trust his/her subordinates,Destructive,Does not trust his/her subordinates
99,Destructive Leadership,Destrudo-L,Item12,841.0,Does not keep promises,Destructive,Does not keep promises
99,Destructive Leadership,Destrudo-L,Item13,842.0,Does not dare to confront others,Destructive,Does not dare to confront others
99,Destructive Leadership,Destrudo-L,Item14,843.0,Does not show up among subordinates,Destructive,Does not show up among subordinates
99,Destructive Leadership,Destrudo-L,Item15,844.0,Does not show an active interest,Destructive,Does not show an active interest
99,Destructive Leadership,Destrudo-L,Item16,845.0,Does not take a grip on things,Destructive,Does not take a grip on things
99,Destructive Leadership,Destrudo-L,Item17,846.0,Shows insecurity in his/her role,Destructive,Shows insecurity in his/her role
99,Destructive Leadership,Destrudo-L,Item18,847.0,Is bad at structuring an planning,Destructive,Is bad at structuring an planning
99,Destructive Leadership,Destrudo-L,Item19,848.0,Gives unclear instructions,Destructive,Gives unclear instructions
99,Destructive Leadership,Destrudo-L,Item20,849.0,Behaves confused,Destructive,Behaves confused
